Neighborhood,Nearby Streets
آبشار,هفده شهریور، ری، خیابان آبشار، گوته، محلاتی
آبشار تهران,امید دژبان، خرازی، نمونه
آجودانیه,سباری، موحد دانش، منجیل
آذربایجان,کلهر، آذربایجان، رودکی، آزادی
آذری,قدرت پاکی، لقمان حکیم، امام‌زاده حسن
آرارات,سئول، فجر، ونک، رشید یاسمی، آفتاب، خدامی
آرژانتین,آرژانتین، احمد قصیر، خالد اسلامبولی، ولیعصر، الوند، بیهقی
آسمان,فرحزادی، سرو غربی، کوهستان، طاهرخانی، هاشمی رفسنجانی
آشتیانی,دماوند، یاسینی، چایچی، خاقانی، اطلاعات، بلال حبشی
آهنگ,ابوذر، میثم، نبرد، محلاتی، علامه امینی، ده‌حقی، زمزم، گلشناس
ائمه اطهار,ائمه اطهار، ابوذر، نبرد شمالی، پرستار، مقداد، کریمشاهیان
اباذر,اباذر، پیامبر شرقی، دوم صادقیه، شالی، گلستان، اسکندرزاده، کاشانی
ابراهیم‌آباد,ابراهیم‌آباد، زندیه، اسدآبادی، الغدیر
ابن بابویه,غیوری، ابن بابویه، بسیج مستضعفین، فداییان اسلام، کریمی
ابوذر (منطقه ۱۵),ابوذر، مسلم، نبرد، وحدت، اقاجانلو، خاوران، ده‌حقی
اتابک,ذوالفقاری، خاوران، رضایی، هاشم‌آباد، مبعث
اتحاد,اتحاد، احسان، فرهنگسرا
اختیاریه,اختیاریه شمالی، دیباجی جنوبی، کلاهدوز، پاسداران، منظریه، جهانتاب، کاوه، سنجابی
اراج,صنایع، گلزار، نوبنیاد
ارامنه,ارامنه، نامجو، سبلان شمالی، مدنی، اجاره‌دار
ارم,فردوس غرب، بهار شمالی، بهار جنوبی، هلال احمر
ازگل,بیدستان، نوبهار، گلچین، ارتش، بابایی، آبشار، شهید محلاتی
استاد معین,استاد معین، لعل، آزادی، دامپزشکی، هاشمی، غیاثوند، دهقان، طوس غربی
استخر,استخر، شهید بهشتی، بابایی، دانشگاه، بهار، شهرک شهید بهشتی
اسفندیاری,میثاق، لطیفی، هویزه
اسکندری,اسکندری جنوبی، مرتضوی، کمیل، کمالی، نواب، امام خمینی، شکوفه، آذربایجان
افسریه,۲۰ متری افسریه، خاتم الانبیا، نیکوعمل، بسیج
اقدسیه,موحد دانش، گلستان شمالی، گلستان جنوبی، منجیل، عزت‌الله انتظامی، فیروزبخش، صاحبقرانیه
اکباتان,اکباتان، بوذری، صنایع هواپیمایی، شهرک اکباتان
المهدی,سردار جنگل شمالی، سیمون بولیوار، فکوری، زیتون، صبا، اشرفی اصفهانی
الهیه,فیاضی، ولیعصر، چناران، خزر، آقا بزرگی، شریفی‌منش، شریعتی، استانبول
امامت,امامت، دماوند، سی‌متری نیروی هوایی، ابوریحان، تیموری‌فر
امامزاده حسن(ع),امام‌زاده حسن، مهمان نوازان، فریدون احمدی، قزوین
امامزاده قاسم,باهنر، مژده، الفت، تبریزی، مقدسی، مرجان، همایون، بوکان، دربند، قدس، صادقی قمی
امام سجاد(ع),سجاد جنوبی، غلامحسین بهبودی، ابوذر، بهاران
امانیه,نلسون ماندلا، اسفندیار، صبا، ناهید غربی، ناهید شرقی، جام جم، آرش غربی، ولیعصر
امیرآباد,کارگر شمالی، آزادگان، جانبازان، جلال آل آحمد، کردستان، فرشی‌مقدم
امیر بهادر,بشیری، فروزش، وحدت اسلامی، بشیری، مدرس، ولیعصر، تشکری موحد، مولوی
امیریه,وحدت اسلامی، بشیری، فرهنگ، ابوسعید، ولیعصر، منیریه، کارگر جنوبی، قزوین
امین حضور,ری، پانزده خرداد، مصطفی خمینی
شهر‌زیبا,مرادی، همت، علامه جعفری، تعاون
اوقاف,سراج، دلاوران، اردیبهشت، هنگام
اوین,درکه، اعرابی، غیاثی، کچویی، دانشجو
ایران,ایران، شهدا، گوته، فیاض‌بخش، دیالمه، هفده شهریور، مجاهدین
ایرانشهر,ایرانشهر، هفت تیر، کریمخان، خردمند جنوبی، مفتح، سپهبد قرنی، سمیه
ایوانک,ایوانک، خوارزم، فلامک، زرافشان، فرحزادی، سیمای ایران
باغ آذری,صابونیان، بخارایی، فداییان اسلام، شوش، بعثت
باغ خزانه,عارف قزوینی، تهمتن، عبید زاکانی، مهمان نوازان، قزوین، امام‌زاده حسن
باغ رضوان,هاشمی
باغ فردوس,دربندی، ولیعصر، توتونچی
باغ فیض,پیامبر مرکزی، هجرت، مهستان، ستاری، اشرفی اصفهانی، حکیم، عدل جنوبی، امیر ابراهیم، بیست و دو بهمن
بریانک,بریانک غربی، محبوب مجاز، صفدری، کمیل، نواب، قزوین
بلوار کشاورز,کشاورز، فلسطین شمالی، زرتشت غربی، حجاب، دائمی، فاطمی، ولیعصر، باباطاهر، جویبار، کبکانیان
بلورسازی,هلال احمر، برادران حسنی، نواب، چراغی، قزوین
بهار,بهار، شریعتی، طالقانی، بهار شیراز، میثاق، سمیه
بهاران,کوهسار، بهاران
بهارستان,بهارستان، ظهیرالاسلام، صفی علیشاه، سعدی، انقلاب، مصطفی خمینی
بهجت‌آباد,لارستان، میرزای شیرازی، مطهری، کریمخان، ولیعصر، حافظ، زرتشت
بهداشت,بهداشت، بافان، طالقانی، سعیدی
بهمن یار,بهمنیار، تندگویان، دانشگاه، وصال، لطیفی
بیسیم,هفده شهریور جنوبی، رضایی، قنبری، جهانگرد، انورزاده
پاتریس لومومبا,پاتریس لومومبا، کوکب، ستارخان، کبیری‌پور، باقرخان
پاسداران,پاسداران، شهید عراقی، ساقدوش، فرخی یزدی، صیاد شیرازی
پامنار,پامنار، ناصرخسرو، سعدی جنوبی، خیام، امیرکبیر
پرستار,پرستار، پیروزی، مقداد، افراسیابی، نبرد شمالی، سیزده آبان
پرواز,کوهسار، یادگار امام، ایثار، ایثارگران، پیام، بهرود
پلیس,کلیم کاشانی، پلیس، شریعتی، ادیبی، شیخ صفی، سپاه، کشواد، خواجه نصیرالدین طوسی
پونک,سردار جنگل، عدل، صادقیه، عدل شمالی، سردار جنگل، مخبری، حیدری مقدم، اشرفی اصفهانی، میرزا بابایی
پیروزی,پیروزی، سی‌متری نیرو هوایی، پنجم نیرو هوایی، یکم نیرو هوایی
تاکسیرانی,ابوذر، نبرد شمالی، محلاتی
تجریش,تجریش، دربندی، قدس، شریعتی، شهرداری
تسلیحات,تسلیحات، مدنی، داوودی، واشقانی
توانیر,ولیعصر، دوستان، نظامی گنجوی
توحید,توحید، پرچم غربی، بهبودی، ستارخان، رودکی شمالی، خوش شمالی، توحید
تولید دارو,تختی، معلم، مرادخانی، درجزینی، زرند
تهرانپارس شرقی,پروین، شبستری، شادلویی
تهرانپارس غربی,رشید، اردیبهشت، قزاقی، فرجام، باقری، رضوان، شیرود، فلکه سوم تهرانپارس
تهران‌سر,تهران‌سر، یاس، آزادگان، لشگری، فتح
تهران‌نو,دماوند، تیموری‌فر، مسیل جاجرود، ابوریحان، اطلاعات، چایچی
تهران‌ویلا,امام منتظر، ستارخان، منصوری کیا
جابری,شکوفه، درودیان، سیرجان
جردن,نلسون ماندلا، میرداماد، جهان کودک، گاندی، ولیعصر، رشید یاسمی، عطار، خدامی، اسفندیار
جلفا,جلفا، شریعتی، سیدخندان، ارسباران، احمدی‌روشن
جلیلی,جلیلی، فلاح، غلامحسین بهبودی، سلامت
جماران,یاسر، باهنر، فیضیه، امیدوار، صادقی قمی
جمال‌زاده,جمال‌زاده جنوبی، کلهر، جمهوری، دیلمان، یاسری، کارگر جنوبی، زرین قدم، گلشن، آذربایجان
جمهوری,گلشن، جمهوری، باستان، کلهر، اوستا، اسکندری، نواب، آذربایجان
جنت‌آباد جنوبی,جنت‌آباد جنوبی، مجاهد کبیر، جهاد اکبر، پیامبر غربی، چهارباغ، شاهین جنوبی، نمازی
جنت‌آباد شمالی,جنت‌آباد شمالی، مبعث، سیمون بولیوار، انصار المهدی، ایرانشهر
جنت‌آباد مرکزی,جنت‌آباد مرکزی، شاهین شمالی، بعثت، مخبری، اقاقیا، چمران
جوادیه,بیست‌متری جوادیه، دشت آزادگان، بهمن، یارجانی
جوادیه تهرانپارس,زهدی، اسفندانی، احسان، فرهنگسرا
جوانمرد قصاب,شهید غیبی، فداییان اسلام، رجایی، آزادگان، بسیج
جهاد,جهاد، سلماس، فتحی شقاقی، چهلستون، میدان جهاد
جی,بختیاری، برادران فلاح، جرجانی
جیحون,جیحون، دامپزشکی، کارون، کمیل، مالک اشتر، مرتضوی، قصرالدشت، طوس، امام خمینی، بهنود
چهارصد دستگاه,پیروزی، شکوفه، بروجردی، نیکنام، تاجری، دریاباری، دهم فروردین، عزیزی
چیتگر,لشگری، فتح، مروارید شهر
چیذر,اندرزگو، سلیمی جنوبی، قیطریه، چیذری، شیبانی، امام‌زاده علی‌اکبر
حافظیه,لوزی، سی‌متری نیروی هوایی
حسن‌آباد,حسن‌آباد، وحدت اسلامی، امام خمینی
حسن‌آباد باقرفر,هاشمی، خلیج فارس
حسین‌آباد,افتخاریان، شعبانلو، وفامنش
حشمتیه,معلم، مرودشت، قدوسی، شریعتی، پلیس
حصار بوعلی,ثروتی، سعیدی، لواسانی شرقی، متقیان، عسگریان، باهنر، پاسداران شمالی، باهنر
حصارک,سیمون بولیوار، نسیم، دانشگاه
حکمت,اندرزگو، صبا، قیطریه، واعظی، موسیوند، رفعت، کریمی، سلیمی شمالی، شریعتی، سلیمانی غربی، سلیمانی شرقی، مژده، قدس، تجریش، قیطریه
حکیمیه,کوی دانشگاه، بهار، شهرک شهید بهشتی
حمزه‌آباد,شهید غیبی، نماز، فرمانداری، شهرری
خاقانی,هفت تیر، مفتح، بهار، مفتح، سمیه، طالقانی، بهار شیراز
خاک سفید,رهبر، احسان، زهدی
خانی‌آباد,وحدت اسلامی، مختاری، تختی، خیام، شوش، مولوی
خانی‌آباد نو,میعاد، میثاق، لطیفی، تندگویان، آزادگان
خاوران,خاوران، خراسان، هفده شهریور، مخبر جنوبی، جهان‌پناه، آیت‌الله سعیدی
خزانه,بعثت، بخارایی، فداییان اسلام، ابریشم
خلیج فارس,خلیج فارس، سینا، فتح، آزادگان
خواجه نصیر طوسی,سپاه، طالقانی، شریعتی، حقوقی، نامجو، انقلاب، خواجه نصیرالدین طوسی
خواجه نظام الملک,نامجو، شیخ صفی، سپاه، خواجه نصیرالدین طوسی
دارآباد,پورابتهاج، افتخاری، ارتش
دانشگاه تهران,کشاورز، طالقانی، فلسطین، شانزده آذر، بزرگمهر، قدس، انقلاب
دانشگاه شریف,تیموری، حبیب‌الله، لطفعلی‌خانی، اکبری، آزادی، دانشگاه شریف
دانشگاه علم و صنعت,فرجام، هنگام، سراج، دلاوران، حیدرخانی
دبستان,سیدخندان، استاد حسن بنا جنوبی، حاجی پور
درب دوم,کلاهدوز، کیکاووس، کاوه، شریعتی، صدر، قلندری جنوبی
دربند,دربند، اسدالهی، فناخسرو، سعدآباد، قدس، تجریش، شهرداری، تجریش، طباطبایی‌پور، غلام جعفری، شکیبایی، ملکی
دردشت,دردشت، گلبرگ شرقی، باقری
درکه,درکه، شاه‌حسینی
دروازه شمیران,زرین نعل، خورشید، شهدا، صفا غربی، مجاهدین، انقلاب، هفده شهریور
دروس,پاسداران، یخچال، کلاهدوز، هدایت، شهرزاد، یارمحمدی، اختیاریه جنوبی، محسنیان
دریا,سعادت‌آباد جنوبی، دریا، مدیریت، پاکنژاد، فرهنگ، دادمان، صرافها، هاشمی رفسنجانی
دریاچه شهدای خلیج فارس,دریاچه، خرازی، شهرک دانشگاه شریف، مروارید شهر
دریان‌نو,ستارخان، زنجان شمالی، حبیب الله، همایون‌شهر جنوبی
دزاشیب,باهنر، لواسانی غربی، عمار، نجابت‌جو
دکتر هوشیار,دکتر هوشیار، استاد معین، دامپزشکی، طوس، ۲۱ متری جی، شهیدان، آزادی، هاشمی
دلگشا,شکوفه، دژکام، کرمان، درودیان، نیکنام، شکوری
دولاب,سعیدی، خاوران، محلاتی
دولت‌آباد,برادران اردستانی، قدس، بروجردی، پروین اعتصامی
دولتخواه,گلسار، سعیدی، آزادگان
دهقان,دهقان، پیروزی، یکم نیرو هوایی
دهکده المپیک,دهکده المپیک، آبشار، ورزش، خرازی
ده‌ونک,شیخ بهایی شمالی، سئول
دیلمان,دیلمان، نماز، منتظری، گلها
زاهد گیلانی,زاهد گیلانی، پیروزی، کلینی، طبرسی، پیچک، پرواز
زرکش,داوودی، گلشن‌دوست، دماوند
زرگنده,شریعتی، عمرانی، دلیری، رودکی، صدر
زعفرانیه,اعجازی، مقدس اردبیلی، الف، فلاحی، ماکوئی‌پور، نیاززاده، فیروزکوه، ولیعصر
زمزم,شهید غلامرضایی، نواب، چراغی
زنجان,طوس، بهنود، دامپزشکی، جیحون، یادگار امام، آزادی، شهیدان، هاشمی
زهتابی,شهید غلامرضایی، سعیدی، چراغی
زیبادشت,دهکده المپیک، چشمه، لاله، گلبانگ
زینبیه,دوران، یاسینی
سازمان آب,شربیانی، نیلوفر، سرو، نیلوفر، نوروزی، فرساد، تعاون
سازمان برنامه,سازمان برنامه، شقایق، فردوس غرب، لاله، آیت‌الله کاشانی
سبلان,سبلان شمالی، مدنی، حیدری
سپهر,سپهر، فرحزادی، دادمان، درختی، هاشمی رفسنجانی
ستارخان,ستارخان، حاجی‌پور، جهانی‌نسب، جلال آل آحمد، شیخ فضل‌الله، یادگار امام
سرآسیاب دولاب,تاجیک، پاسدار گمنام، خضرایی، کرمان، امام علی
سرآسیاب مهرآباد,طالقانی، تهران-کرج، تفرش غربی، واشقانی فراهانی، زرند
سرتخت,هادی ساعی، آستانه، مدرس
سرخه حصار,یاسینی، دماوند
سرو آزاد,آزادشهر، تهران-کرج، خرازی
سعادت‌آباد,سعادت‌آباد، کاج، پاکنژاد، فرهنگ، بخشایش، سرو غربی، سرو شرقی، مروارید، فرهنگ، هاشمی رفسنجانی، یادگار امام
سعیدآباد,سعیدآباد
سلامت,نواب، محبوب مجاز، بریانک شرقی، خرمشهر، جوانمرد، کمیل
سلسبیل,رودکی، قصرالدشت، کمیل، مرتضوی، امام خمینی، مالک اشتر، خوش، اذربایجان، بهنود، کلهر، هاشمی، آزادی، نواب
سلیمانی,سبحانی، حسام الدین، رنجبر، کاظمی، قزوین، نوری
سنگلج,وحدت اسلامی، مولوی، خیام، دکتر فیاض‌بخش، امام خمینی
سوهانک,لاله، کوثر، ارتش، ابوذر، قائم، مینی سیتی
سهروردی,سهروردی جنوبی، ترکمنستان، مطهری، بهار شیراز، سلیمان خاطر، شریعتی، مفتح، یوسفیان
سیدخندان,سیدخندان، شهید عراقی، تیسفون، خواجه عبدالله انصاری، ابوذر غفاری، شریعتی، رسالت
سیروس,سیروس، قیام، ری، پانزده خرداد، مولوی، مصطفی خمینی
سیزده آبان,رجایی، معراج، خاتم الانبیا، آزادگان
شادآباد,الزهرا، نگارستان، الغدیر، ابراهیم‌آباد، سعیدآباد
شادمهر,شادمان، ستارخان، بهبودی، زنجان شمالی، شادمان
شارق شرقی,سبلان جنوبی، مدنی، انصارالحسین، دماوند، محمودی
شاندیز,سجاد، یافت‌آباد، برادران بهرامی، سعیدی، بهاران
شاهد,نبرد شمالی، محلاتی، قیام، پاسدار گمنام
شاهین,شاهین شمالی، بصارتی، چمران، مخبری
شبیری,جرجانی، سبحانی، برادران فلاح، بختیاری، کمیل، عربلو
شریف,دانشگاه شریف، اردستانی، تهران-کرج، خرازی
شریف‌آباد,شریف‌آباد
شکوفه,شکوفه، پیروزی، شهدا، هفده شهریور، کیامنش
شمس‌آباد,ریحانی، ملت، بهشتی، کرد، استاد حسن بنا، گلها، رسالت
شمشیری,شمشیری، تفرش شرقی، زرند، قزوین
شمیران‌نو,الغدیر، هنگام
شوش,شوش، هفده شهریور جنوبی، ارج، مظاهری، رجب‌نیا، سجادیه، رضایی، فداییان اسلام
شهادت,شهادت، غیوری، علینواز، بسیج
شهرآرا,شهرآرا، منصوری کیا، ستارخان، پاتریس لومومبا، آرش مهر
شهران جنوبی,شهران جنوبی، طوقانی، کوهسار، حکیم
شهران شمالی,شهران شمالی، کوهسار، خیابانی، نیرو، سوم شهران
شهر زیبا,شهرزیبا، لاله، مخابرات
شهرک آپادانا,آپادانا، آزادی، برادران رحمانی، ریاحی، میدان آزادی
شهرک آزادی,آزادی، لشگری، فهمیده، چوگان
شهرک آسمان,آسمان، فتح، گلها
شهرک ابوذر,ابوذر، آزادگان، کاظمی، خلازیل، احمدیه
شهرک استقلال,استقلال، لشگری، تهران-کرج، فتح، سپاه اسلام
شهرک امام خمینی,امام خمینی، الغدیر، هفدهم شهریور
شهرک امید,امید دژبان، استقلال، باقری
شهرک امیرالمومنین,امیرالمومنین
شهرک انصار,انصار، لشگری، فهمیده، آزادگان
شهرک پاسداران,پاسداران
شهرک پرواز,فردوس غرب، پروانه، ورزی، شقایق
شهرک تختی,تختی، بهشتی، سمندر جنوبی، ابریشم، رجایی، آزادگان
شهرک دانشگاه تهران,دانشگاه تهران، لشگری، فتح، ایران‌خودرو، سپاه اسلام
شهرک دانشگاهی,دانشگاهی، لشگری، تهران-کرج، ایران‌خودرو
شهرک دریا,دریا
شهرک راه‌آهن,اتریش، یاس، ساحل، خرازی، گلها، برادران زینعلی، کاشان، هاشم‌زاده
شهرک ژاندارمری,مرزداران شرقی، اطاعتی، سپهر، گلبرگ، ایثار، جانبازان، جلال آل آحمد، شیخ فضل‌الله، حکیم، یادگار امام
شهرک سینمایی,سینمایی، لشگری، تهران-کرج
شهرک شریعتی,شریعتی، مهران، چراغی، آزادگان
شهرک شریفی,شریفی، ورامینی، سعیدی، آزادگان
شهرک شهید باقری,شهید باقری، خرازی، دریاچه
شهرک صدرا,دهکده المپیک، غربی ورزشگاه آزادی، جهاد شمالی، جهاد جنوبی، ورزشگاه آزادی
شهرک طالقانی,طالقانی، خلیج فارس
شهرک غرب,صنعت، پاکنژاد، ایران‌زمین، فرحزادی، هرمزان، دادمان
شهرک غزالی,غزالی، لشگری، تهران-کرج
شهرک فردوس,تختی، معلم، برادران اسماعیلی، چهارده معصوم
شهرک فرهنگیان,فرهنگیان، لشگری، فهمیده، شیشه مینا
شهرک کوهسار,اقبال‌پور، الوند، سیمون بولیوار، معین
شهرک کیانشهر,رجب‌نیا، جمهوری، مطهری، شاهد، فداییان اسلام، بعثت، آزادگان
شهرک گلها,مژدی، ارتش
شهرک محلاتی,ولایت، نخل، ارتش، شهدا، شهید محلاتی، قائم، قائم، بسیج، مینی سیتی
شهرک مسلمین,معلم، مسلمین، صاحب الزمان، زندیه، شهرک ولیعصر، شهدای دانش‌آموز
شهرک نفت (منطقه ۱),یاران، مینی سیتی، محک، نخل، صدف، مژدی، ارتش، شهید محلاتی، کنگان، لاوان، وزارت امور خارجه
شهرک نفت (منطقه ۵),نفت، معین، سیمون بولیوار
شهرک والفجر (منطقه ۶),والفجر، کارگر شمالی، ایرانشناسی، همت
شهرک ولیعصر,ولیعصر، طالقانی، احمد حسینی، حیدری، به خیال، برادران بهرامی
شهید آوینی,هادی ساعی، مدرس، آوینی
شهید اسدی,زاهد گیلانی، دماوند، اسدی، ثارالله
شهید بروجردی,بروجردی، بعثت، آزادگان، امام علی
شهید دستغیب,شهید دستغیب، نوری نیارکی، هاشمی، یادگار امام
شهید رجایی,سیدالشهدا، علیخانی، ایثارگران، زاهدی، آزادگان، سعیدی
شیان,شیان
شیخ هادی,شیخ هادی، جمهوری، جامی، پاستور، اردیبهشت، ولیعصر، حافظ، کارگر جنوبی
شیرازی,شیخ بهایی جنوبی، شیراز جنوبی، ایرانشناسی، شصت و چهارم، کردستان
شیوا,تاجری، لرستان
صاحب الزمان,لرستان، فرشته آزادی، پاسدار گمنام
صادقیه,اول صادقیه، خسرو شمالی، گلاب، خبرنگار، جلال آل آحمد، ستارخان، اشرفی اصفهانی
صالح‌آباد شرقی,آزادگان، هاشمی
صد دستگاه,پیروزی، دهم فروردین، نبرد شمالی، فرزانه، نجار محمودی
صفا,صفا، شهدا، پیروزی، خشکبارچی، هفده شهریور، ثارالله
صفائیه (چشمه علی),صفاییه، غیوری، سرگرد محمدی، ابن‌بابویه، بسیج
طرشت,سما، تیموری، صالحی، اکبری، آزادی
طوس,سجاد شمالی، ابوذر، فریدون احمدی، رشیدی‌جهان
طیب,طیب، خراسان، هفده شهریور، خاوران، بنی طبا، تفرشی
ظفر,ظفر، شریعتی، میرداماد، نفت، عمرانی، دلیری، فرید افشار، گوی آبادی
ظهیرآباد,معلم، ابن بابویه، نبی‌پور
عارف,تاجیک، مخبر شمالی، محلاتی، شهمیرزادی
عباس‌آباد,سهروردی شمالی، میرعماد، شریعتی، مفتح شمالی، بهشتی، مطهری
عبدالله‌آباد,آزادگان، خلیج فارس
عبدل‌آباد,کاظمی، چراغی، بدر
علی‌آباد,ابریشم، دستواره، فلاحتی
فاطمی,دکتر فاطمی، گلها، رهی معیری، پروین اعتصامی، هشت‌بهشت، کارگر شمالی
فتح,فتح
فدک,گلبرگ غربی، گلشن‌دوست، رسالت، سمنگان، امام علی، هلال احمر
فرحزاد,امام‌زاده داود، فرحزادی، ایثارگران
فردوسی,فردوسی، سی تیر، انقلاب، جمهوری، لاله‌زار، حافظ، سعدی، نوفل لوشاتو، دروازه دولت
فرمانیه,لواسانی شرقی، دیباجی شمالی، پاشا ظهری، پاسداران شمالی، سنبل، لنگری، آذرمینا، نوریان، مریم، جهانبخش‌نژاد، نوبنیاد، صدر، نوبنیاد، اقدسیه
فرودگاه مهرآباد,لشگری، فتح، سعیدی
فلاح,اکبر سوری، فریدون احمدی، ابوذر، کمالی
فیروزآبادی,شهید غیبی، شیخ اکبری، روشن، فرمانداری، شهرری، فداییان اسلام
قاسم‌آباد,دماوند، اشراقی، سی‌متری نیرو هوایی
قبا,قبا، ناطق نوری، شریعتی، پاسداران، شهرزاد
قزل قلعه,کارگر شمالی، جانبازان، جهان‌آرا، کردستان، جلال آل آحمد
قصر فیروزه ۱,قصر فیروزه، والفجر، کلاهدوز، بسیج
قصر فیروزه ۲,نیکوعمل، گل‌نرگس
قلمستان,قزوین، مدرس، کارگر جنوبی، ولیعصر
قلهک,شریعتی، یخچال، کلاهدوز، فکوریان، شهرزاد
قنات‌کوثر,استقلال، باقری، زین‌الدین
قیام,قیام، خراسان، هفده شهریور، ری، محلاتی
قیام‌دشت,قیام‌دشت
قیطریه,قیطریه، اندرزگو، صبا، کاوه، پل رومی، شریعتی، سبحان، سهیل، بهار شمالی، صدر، قلندری شمالی، صدر، قیطریه
امام حسین(ع),امام حسین، هفده شهریور
بازار,خیام، مولوی، محمدیه، مصطفی خمینی
کاروان,رضویه، امام خمینی
کاشانک,پورابتهاج، صبوری، سپند، امیربهادر، نصیرآبادی
کاظم‌آباد,بنی‌هاشم، ملت، استاد حسن بنا، ساقدوش
کامرانیه,بازدار، لواسانی غربی، ثروتی، شیبانی، باهنر
کرمان,گلبرگ غربی، کرمان، رسالت، گلشن‌دوست، صفایی، اردستانی
کریم‌آباد,آزادگان، خلیج فارس
سنایی,سنایی، هفت تیر، خردمند شمالی، مطهری، میرزای شیرازی، قائم مقام، مشاهیر، بهشتی
کن,کوهسار، دره زرنو، عاصمی، حکیم
کوثر,حدادعادل، خراسان، هفده شهریور، لرزاده، ری، شوش
کوهک,علیمرادی، تهران-کرج
کوی بیمه,بیمه یکم، لشگری، نفیسی، بیمه
کوی فراز,فراز، ذبیحی، پیام، یادگار امام، بوعلی، مخابرات
کوی فردوس,فردوس شرق، عقیل، رامین، وفا آذر، دوم صادقیه، کاشانی، ستاری، جناح، صادقیه
کوی مهران,اباذر، پیامبر شرقی، بهنام، مقداد، کاشانی، حکیم
کوی نوبنیاد,صدر، صیاد شیرازی، امام علی
کوی هفدهم شهریور,هفدهم شهریور، فتح، شهدای صنایع فلزی
گاندی,گاندی جنوبی، نلسون ماندلا، جهان کودک، خالد اسلامبولی، ولیعصر، شهیدی
گرگان,نامجو، سلمان فارسی، مدنی، خواجه نصیرالدین طوسی، یزدی
گلاب دره,بوکان، کوهسار، صادقی قمی
گلچین,قدرتی، فتحی، ابوذر
گمرک,رازی، هلال احمر، مختاری، وحدت اسلامی، قزوین، کارگر جنوبی، نواب
گیشا (کوی نصر),گیشا، بلوچستان، فاضل، جلال آل آحمد
لشکر,گلشن‌دوست، حیدری، استاد حسن بنا، مدنی
لویزان,استقلال، سراج، شیان
مبارک‌آباد بهشتی,خلیج فارس، شاهد
مجیدآباد,فرهنگیان، پارس، کاج، استقلال، توحید، باقری، زین‌الدین
مجیدیه,گلبرگ غربی، استاد حسن بنا جنوبی، اثنی‌عشری
محمودیه,محمودیه، الف، مقدس اردبیلی، یمن، ولیعصر
مخصوص,مخصوص، محبوب مجاز، خرمشهر، غفاری، کمالی، کارگر جنوبی، قزوین
مدائن,مدائن، گلبرگ شرقی، رودباری، آیت، رسالت
مرادآباد,الوند، سیمون بولیوار
مرزداران,مرزداران غربی، ابراهیمی، لاله، ناهید، اشرفی اصفهانی، یادگار امام، حکیم
مسعودیه,والفجر، کلهر، امام رضا، ابومسلم خراسانی، خاتم الانبیا
مسگرآباد,کلهر
مشیریه,سازمان آب، بوعلی، آزادگان، امام رضا
مقدم,رشیدی جهان، حقیقی، فلاحی، ابوذر
ملک‌آباد,شهید غیبی، زهره‌وند، فداییان اسلام، آزادگان
منصوریه (پل سیمان),غیوری، بسیج، سرگرد محمدی، فداییان اسلام، کریمی
منیریه,منیریه، ابوسعید، وحدت اسلامی، امام خمینی، صنیعی پور، کارگر جنوبی، ولیعصر، اسدی منش
مولوی,مولوی، خیام، محمدیه، ری، هرندی، شوش، صاحب‌جمع
مهرآباد جنوبی,شمشیری، صفری، دانشگاه هوایی شمال، فتح
میدان انقلاب,انقلاب، کارگر جنوبی، فلسطین، نوفل لوشاتو، جمهوری، خارک، حافظ
میدان حر,پاستور، کاشان، کارگر جنوبی، آژیده، کمالی، اذربایجان، حر، امام خمینی
میدان ولیعصر,ولیعصر، طالقانی، فلسطین، کریمخان، انقلاب، کشاورز، بزرگمهر، حافظ
میرداماد,میرداماد، حصاری، مادر، شمس تبریزی جنوبی، حقانی
مینا,گیلکی، مخبر، هفده شهریور، آیت‌الله سعیدی، محلاتی، کیامنش
مینابی,ناصری، ذوالفقاری، خاوران، رضایی، انورزاده
نارمک,فرجام، حیدرخانی، نیروی دریایی، رسالت، عبادی
نارمک جنوبی,دماوند، ثانی، آیت جنوبی
نازی‌آباد,تولایی، رجایی، بهمن، نیکنام، سمندر شمالی
نبی اکرم(ص),نبرد شمالی، دهم فروردین، نبی اکرم
نجات اللهی,نجات اللهی، کریمخان، سمیه، طالقانی، انقلاب، سپهبد قرنی، حافظ، رامسر
نصرت,نصرت شرقی، جمال‌زاده شمالی، کشاورز، قریب، فرصت شیرازی، کارگر شمالی، باقرخان، میدان انقلاب اسلامی
نظام‌آباد,مدنی، محمودی، دماوند
نعمت‌آباد,سعیدی، کاظمی
نواب,نواب
نیاوران,باهنر، منظریه، شفیعی، زینعلی
نیرو هوایی,سی‌متری نیرو هوایی، پنجم نیرو هوایی، یکم نیرو هوایی
نیلوفر,سهروردی شمالی، پالیزی، صابونچی، خرمشهر، هویزه، پاکستان
وحیدیه,داوودی، سبلان جنوبی، ارباب مهدی، دماوند، مدنی
وردآورد,وردآورد، داروپخش، لشگری، تهران-کرج
وصفنارد,بهاران، سلامت، فرد محمدی، برادران مقدم
ولنجک,ولنجک، ساسان، دانشجو، مقدس اردبیلی، عدالت، یمن، ثارالله
ونک,ونک، ولیعصر، ملاصدرا، شیراز شمالی، شیخ بهایی شمالی، برزیل
هاشم‌آباد,هاشم‌آباد، خاوران، عباس کاشی، رضایی، بعثت
هاشمی,هاشمی، مالک اشتر، کمیل، امام خمینی، جیحون، یادگار امام
هروی,هروی، ساقدوش، عقیلی، پناهی‌نیا، وفامنش، گلها، ضابطی
هزارسنگ,کوهسار
هفت چنار,کمیل، حسام الدین، رنجبر، نوری، جیحون، نواب، قزوین
هفت حوض,نبوت، سمنگان، گلبرگ غربی، رسالت، آیت
هوانیروز,هوانیروز، صدف، آزادگان
یاخچی‌آباد,یاخچی‌آباد، بهمنیار، فرهنگیان، وصال، رجایی، آزادگان
یافت‌آباد,الغدیر، الغدیر، نسترن، زندیه، آزادگان، ابراهیم آباد، نمونه
یوسف‌آباد,اسدآبادی، ابن‌سینا، جهان‌آرا، اکبری، ولیعصر، کردستان
